{
    "Test Acc": 77.42,
    "OOD AUROC": [
        {
            "MaxP": 0.6993438690842041,
            "Alpha0": 0.6938723935925015
        },
        {
            "MaxP": 0.7600502299999998,
            "Alpha0": 0.7612987200000001
        }
    ],
    "OOD AUPR": [
        {
            "MaxP": 0.6583442945555957,
            "Alpha0": 0.654321105211931
        },
        {
            "MaxP": 0.7942111018686074,
            "Alpha0": 0.7947477975609474
        }
    ],
    "Conf AUROC": [
        0.8513323505002679,
        0.8513323505002679
    ],
    "Conf AUPR": [
        0.9534057741148523,
        0.953416802365768
    ]
}